time,bandwidth
0,0.00
1,0.00
2,0.00
3,0.00
4,0.00
5,0.00
6,0.00
7,0.00
8,0.00
9,0.00
10,0.00
11,0.00
12,0.00
13,0.00
14,0.00
15,0.00
16,0.00
17,0.00
18,0.00
19,0.00
20,1.19
21,1.67
22,1.58
23,1.58
24,1.75
25,1.80
26,1.70
27,1.58
28,2.18
29,2.15
30,2.99
31,3.01
32,2.99
33,2.37
34,5.25
35,5.24
36,5.71
37,6.58
38,7.52
39,8.11
40,8.64
41,11.85
42,13.51
43,16.13
44,7.30
45,18.53
46,29.37
47,37.91
48,42.49
49,40.93
50,39.36
51,46.56
52,45.02
53,57.97
54,62.21
55,66.42
56,12.48
57,75.18
58,114.05
59,111.05
60,149.98
61,144.48
62,163.15
63,208.89
64,286.95
65,45.90
66,270.74
67,367.33
68,419.30
69,478.25
70,549.35
71,593.31
72,564.67
73,580.11
74,300.18
75,604.16
76,617.91
77,563.29
78,445.57
79,541.64
80,549.58
81,538.23
82,508.87
83,552.21
84,336.99
85,575.36
86,505.97
87,572.17
88,510.68
89,540.34
90,576.20
91,516.35
92,541.93
93,550.35
94,533.71
95,586.67
96,542.79
97,481.19
98,498.95
99,527.55
100,469.92
101,465.38
102,418.52
103,376.30
104,243.78
105,106.85
106,314.48
107,286.24
108,236.17
109,174.86
110,49.01
111,45.07
112,69.32
113,70.97
114,97.26
115,53.81
116,49.60
117,65.69
118,91.08
119,43.90
