time,bandwidth
0,53.07
1,50.86
2,69.80
3,51.38
4,65.25
5,58.11
6,66.81
7,53.39
8,53.59
9,68.20
10,67.70
11,69.49
12,52.96
13,66.98
14,50.45
15,70.32
16,66.97
17,62.76
18,67.13
19,66.11
20,72.75
21,73.69
22,55.92
23,51.24
24,57.81
25,22.17
26,17.86
27,22.55
28,12.64
29,22.23
30,60.33
31,70.06
32,69.35
33,69.01
34,56.38
35,51.02
36,52.67
37,61.45
38,50.30
39,69.37
40,69.03
41,56.91
42,61.04
43,69.53
44,62.03
45,51.07
46,68.59
47,61.85
48,57.81
49,50.91
50,69.63
51,72.57
52,71.09
53,67.08
54,70.07
55,14.28
56,21.29
57,15.40
58,17.94
59,15.06
60,74.06
61,66.54
62,55.16
63,53.32
64,74.08
65,74.15
66,50.24
67,69.41
68,53.63
69,74.49
70,60.54
71,57.09
72,68.98
73,71.11
74,57.39
75,51.27
76,53.43
77,73.81
78,66.64
79,68.37
80,56.69
81,53.65
82,70.70
83,51.98
84,54.14
85,15.59
86,14.99
87,20.47
88,14.87
89,20.12
90,51.71
91,50.96
92,62.62
93,72.91
94,50.04
95,62.11
96,63.60
97,74.91
98,57.72
99,50.28
100,58.48
101,57.12
102,71.35
103,61.27
104,58.77
105,53.07
106,59.87
107,67.35
108,55.55
109,59.10
110,72.72
111,54.26
112,68.86
113,61.12
114,60.95
115,16.76
116,24.49
117,20.31
118,20.75
119,23.58
120,63.00
121,62.23
122,59.75
123,62.68
124,64.56
125,70.96
126,64.84
127,56.64
128,67.92
129,50.28
130,74.22
131,67.63
132,59.83
133,74.24
134,62.25
135,69.06
136,62.23
137,53.15
138,58.59
139,50.81
140,61.15
141,53.32
142,52.79
143,61.67
144,71.07
145,21.08
146,19.16
147,23.06
148,19.37
149,15.67
150,63.84
151,61.19
152,65.94
153,51.66
154,66.93
155,62.33
156,56.68
157,57.42
158,65.75
159,60.71
160,60.95
161,59.27
162,56.01
163,51.99
164,66.77
165,70.80
166,62.51
167,60.44
168,51.70
169,72.51
170,63.80
171,50.52
172,52.44
173,67.59
174,51.20
175,21.31
176,14.57
177,13.19
178,14.89
179,15.78
